Time,time_type,Theorem
64.53,Overall,0
0.22394350299994414,Caching,0
68.66,Overall,1
5.563263597999921,Caching,1
135.91,Overall,2
125.052600091,Caching,2
155.86,Overall,3
145.11707311800004,Caching,3
