Time,time_type,n_inferences,Theorem
64.5,Overall,3200,0
64.28352430699972,Inference,3200,0
0.2164756930002767,Caching,3200,0
69.19,Overall,3200,1
63.6521693249999,Inference,3200,1
5.5378306750000945,Caching,3200,1
88.2,Overall,533,2
11.603945149999998,Inference,533,2
76.59605485,Caching,533,2
79.94,Overall,533,3
10.990760922000026,Inference,533,3
68.94923907799998,Caching,533,3
83.6,Overall,533,3
11.03950175699997,Inference,533,3
72.56049824300003,Caching,533,3
