Time,time_type,n_inferences,Theorem
336.48,Overall,3200,0
336.22403222299994,Inference,3200,0
0.25596777700008033,Caching,3200,0
329.55,Overall,3200,0
323.25894579100094,Inference,3200,0
6.291054208999071,Caching,3200,0
496.48,Overall,3026,0
336.28359779999965,Inference,3026,0
160.19640220000036,Caching,3026,0
494.92,Overall,2818,0
305.5033422759993,Inference,2818,0
189.41665772400074,Caching,2818,0
