Time,time_type,Theorem
325.47,Overall,1
6.398560652000356,Caching,1
579.38,Overall,2
268.37794797700127,Caching,2
627.74,Overall,3
326.73714825900066,Caching,3
315.79,Overall,0
0.24189283700064834,Caching,0
